{"shopping": [1.6520184338908063, 0.950027017035675239, 1.3714106163706246], "cooking": [2.031123270283706, -1.4030983029737338, -1.6449797134893844], "serving": [0.0, 0.0, 0.0]}